State,units,source key,Jan 2014,Feb 2014,Mar 2014,Apr 2014,May 2014,Jun 2014,Jul 2014,Aug 2014,Sep 2014,Oct 2014,Nov 2014,Dec 2014,Jan 2015,Feb 2015,Mar 2015,Apr 2015,May 2015,Jun 2015,Jul 2015,Aug 2015,Sep 2015,Oct 2015,Nov 2015,Dec 2015,Jan 2016,Feb 2016,Mar 2016,Apr 2016,May 2016,Jun 2016,Jul 2016,Aug 2016,Sep 2016,Oct 2016,Nov 2016,Dec 2016,Jan 2017,Feb 2017,Mar 2017,Apr 2017,May 2017,Jun 2017,Jul 2017,Aug 2017,Sep 2017,Oct 2017,Nov 2017,Dec 2017,Jan 2018,Feb 2018,Mar 2018,Apr 2018,May 2018,Jun 2018,Jul 2018,Aug 2018,Sep 2018,Oct 2018,Nov 2018,Dec 2018,Jan 2019,Feb 2019,Mar 2019,Apr 2019,May 2019,Jun 2019,Jul 2019,Aug 2019,Sep 2019,Oct 2019,Nov 2019,Dec 2019,Jan 2020,Feb 2020,Mar 2020,Apr 2020,May 2020,Jun 2020,Jul 2020,Aug 2020,Sep 2020,Oct 2020,Nov 2020,Dec 2020,Jan 2021,Feb 2021,Mar 2021,Apr 2021,May 2021,Jun 2021,Jul 2021,Aug 2021,Sep 2021,Oct 2021,Nov 2021,Dec 2021,Jan 2022,Feb 2022,Mar 2022,Apr 2022,May 2022,Jun 2022,Jul 2022,Aug 2022,Sep 2022,Oct 2022,Nov 2022,Dec 2022,Jan 2023,Feb 2023,Mar 2023,Apr 2023,May 2023,Jun 2023,Jul 2023,Aug 2023,solar
All solar : United States,thousand megawatthours,ELEC.GEN.TSN-US-99.M,1375,1499,2224,2476,2842,3024,2936,3019,2879,2682,2171,1798,1902,2299,3206,3643,3898,3966,4114,4156,3547,3107,2712,2484,2465,3386,4143,4583,5304,5401,5945,5911,5370,4743,4024,3591,3570,4135,6487,7102,8208,8602,8124,7848,7285,6640,4770,4507,4938,5663,7490,8796,9860,10474,9901,9712,8635,7361,5648,4885,5483,5895,8813,9997,10711,11575,11893,11488,10022,8926,6592,5500,6771,8184,9774,11736,13921,13923,15015,13514,11454,10395,8453,7580,8309,9270,13454,15502,17520,17304,17384,16891,15584,13089,11054,9061,11198,12744,16816,19073,21357,22282,22204,20697,18831,16964,12438,10475,11964,13642,18131,21502,24462,25034,26539,25350,269150
All solar : New England,thousand megawatthours,ELEC.GEN.TSN-NEW-99.M,51,59,83,95,112,116,124,136,127,109,84,79,83,96,136,155,169,169,188,187,166,137,111,107,117,162,193,220,247,252,274,268,241,195,154,145,146,190,265,295,313,344,361,355,303,252,178,163,212,247,356,400,456,456,503,449,354,302,210,259,256,296,413,450,481,505,568,515,460,338,260,225,295,367,514,537,655,637,658,616,536,407,304,280,348,348,669,658,758,783,720,694,609,465,412,307,495,516,759,884,988,986,1073,985,833,671,509,440,518,626,865,958,1143,1062,1128,1093,12103
CT,thousand megawatthours,ELEC.GEN.TSN-CT-99.M,7,8,11,12,13,14,15,15,14,12,9,10,10,11,16,19,21,21,25,24,22,18,14,14,17,20,28,31,34,36,39,38,33,27,21,21,21,27,37,42,45,48,52,49,42,34,25,23,29,33,51,56,63,63,68,61,49,43,32,57,39,46,63,69,75,78,87,80,71,52,41,37,49,60,83,86,106,104,108,99,88,67,52,47,59,58,107,106,125,128,119,112,103,81,72,58,68,86,127,146,161,161,172,156,132,109,81,71,77,102,142,154,203,173,180,172,1953
ME,thousand megawatthours,ELEC.GEN.TSN-ME-99.M,1,1,1,1,1,1,1,1,1,1,1,1,1,1,1,2,2,2,2,2,2,2,1,1,2,2,2,3,3,3,3,3,3,2,2,2,2,3,4,4,5,5,5,5,5,4,3,3,3,4,6,7,7,7,7,7,6,5,3,4,5,5,7,8,9,9,10,9,8,6,4,5,6,7,9,10,12,12,12,12,10,8,9,8,12,13,21,22,25,33,32,35,33,24,26,17,22,33,55,68,82,84,98,91,79,65,48,42,50,63,90,107,127,122,133,129,1013
MA,thousand megawatthours,ELEC.GEN.TSN-MA-99.M,39,45,64,74,89,92,97,110,102,88,68,62,64,75,106,120,130,130,144,143,127,105,86,82,87,125,145,166,187,190,207,202,182,147,117,108,104,137,193,214,226,251,263,261,221,186,131,118,157,182,259,291,334,334,375,332,259,219,149,170,178,206,289,313,332,348,394,354,314,230,177,147,193,240,333,344,420,408,420,396,342,261,189,179,219,218,426,411,470,479,435,413,358,272,246,173,339,314,448,516,571,569,619,565,479,381,295,256,303,356,489,532,623,584,620,607,7065
NH,thousand megawatthours,ELEC.GEN.TSN-NH-99.M,1,1,1,1,1,1,2,2,1,1,1,1,1,1,2,2,2,2,3,3,2,2,2,2,2,3,4,5,5,5,6,6,5,4,3,4,5,5,7,8,9,9,10,10,8,6,5,5,6,7,9,10,11,11,12,12,10,8,6,6,7,8,11,12,13,13,15,14,12,9,7,7,9,11,14,16,17,16,18,17,15,11,8,9,11,12,17,19,21,21,22,21,18,14,11,11,14,15,21,24,25,25,27,26,23,18,13,14,NM,NM,NM,NM,NM,NM,NM,NM,320
RI,thousand megawatthours,ELEC.GEN.TSN-RI-99.M,1,1,2,2,2,2,2,2,2,2,1,1,1,2,2,3,3,3,3,3,3,2,2,2,2,3,3,4,4,4,5,5,4,4,3,3,3,4,6,6,7,7,8,8,7,6,4,5,6,7,10,11,12,13,13,12,10,11,8,10,12,14,17,19,22,24,26,26,24,19,15,17,24,32,43,44,54,53,55,51,47,36,29,26,34,33,62,64,73,77,73,70,62,50,39,34,37,47,76,88,97,98,105,97,82,66,51,44,52,62,84,92,107,104,111,105,1179
VT,thousand megawatthours,ELEC.GEN.TSN-VT-99.M,3,3,4,5,5,6,6,6,6,5,4,4,5,5,8,10,10,11,11,12,10,8,6,6,6,9,10,12,14,14,15,15,13,11,8,8,10,13,18,21,21,24,24,24,20,16,10,9,11,14,21,24,28,28,27,24,19,16,11,13,16,18,26,29,31,32,36,32,30,21,16,13,13,17,31,37,46,43,45,41,34,24,15,10,12,15,35,37,44,45,40,42,35,24,18,13,14,20,32,43,52,49,51,49,37,32,20,14,19,24,34,43,52,47,50,47,569
All solar : Middle Atlantic,thousand megawatthours,ELEC.GEN.TSN-MAT-99.M,139,167,223,248,265,272,287,273,239,199,160,149,165,188,250,291,328,311,336,333,288,246,183,159,196,212,308,341,349,391,395,381,315,280,225,202,200,278,370,409,450,482,493,477,413,320,261,225,275,300,438,481,539,575,615,561,439,382,286,284,326,391,551,584,643,674,731,675,586,458,373,316,403,480,655,713,844,857,864,783,699,547,440,383,475,448,815,868,965,971,969,875,783,614,526,476,548,669,919,1057,1135,1171,1217,1182,1011,853,647,585,661,789,1098,1208,1443,1371,1452,1389,14399
NJ,thousand megawatthours,ELEC.GEN.TSN-NJ-99.M,102,123,163,180,192,196,206,195,169,141,115,104,116,131,172,196,219,206,222,220,189,163,123,104,126,132,193,211,211,240,242,233,189,174,145,124,118,170,223,240,262,285,287,279,242,186,160,133,162,172,252,270,301,323,341,310,236,213,165,158,180,215,299,308,337,358,386,351,307,240,205,169,206,242,326,349,416,429,428,383,340,272,225,191,225,201,384,396,444,450,450,393,349,281,243,226,244,295,396,451,481,493,512,500,429,355,284,252,273,326,445,476,580,532,556,537,6135
NY,thousand megawatthours,ELEC.GEN.TSN-NY-99.M,19,23,32,37,41,44,47,45,42,35,27,28,31,36,50,63,74,71,78,78,70,58,42,39,49,56,83,96,101,112,115,112,95,78,58,59,61,81,111,128,144,150,158,152,131,102,77,69,87,99,144,166,187,199,218,201,162,134,96,100,116,141,203,221,246,254,278,262,226,176,135,117,160,193,269,298,351,349,355,323,290,219,170,152,203,202,349,385,426,425,421,392,355,273,230,202,249,308,436,507,545,564,590,571,488,420,303,277,320,380,536,600,703,684,735,696,6893
PA,thousand megawatthours,ELEC.GEN.TSN-PA-99.M,18,20,28,30,32,33,34,33,28,23,18,17,19,21,28,31,35,33,35,34,29,25,18,17,21,23,31,34,36,38,39,37,31,28,22,20,21,27,36,40,44,46,48,46,39,32,25,23,26,28,41,45,51,52,56,51,41,36,26,26,29,34,49,54,59,63,66,62,53,42,33,30,37,44,60,66,76,79,81,77,69,56,45,39,48,45,83,87,96,96,97,89,79,61,52,48,55,66,87,99,109,114,115,110,94,78,60,57,68,82,118,132,160,155,161,156,1371
All solar : East North Central,thousand megawatthours,ELEC.GEN.TSN-ENC-99.M,16,19,29,34,38,42,41,41,39,33,26,20,21,27,39,45,47,49,50,50,43,36,30,26,24,41,44,51,59,61,67,65,61,52,42,35,28,50,65,70,91,106,106,99,95,63,49,41,46,49,103,118,127,128,142,128,111,85,49,48,56,81,117,131,141,153,180,171,140,114,75,69,70,101,145,175,201,228,237,226,195,156,124,107,128,197,337,371,427,449,521,528,499,331,291,266,319,402,583,637,801,925,911,881,751,647,412,275,340,568,750,925,1131,1245,1325,1244,9947
IL,thousand megawatthours,ELEC.GEN.TSN-IL-99.M,3,4,6,6,7,8,7,8,7,6,5,4,4,5,7,7,8,8,8,8,7,6,5,4,4,6,7,7,9,9,10,9,8,7,6,5,4,7,8,8,11,13,13,13,12,9,7,6,7,8,14,15,17,18,19,18,16,13,9,8,9,12,18,21,23,26,30,29,27,23,17,16,16,24,34,41,48,53,58,58,53,45,37,38,41,57,95,112,125,139,166,181,168,118,123,112,121,146,210,230,277,309,320,336,304,257,167,118,131,208,265,340,394,397,393,373,3626
IN,thousand megawatthours,ELEC.GEN.TSN-IN-99.M,4,4,8,9,11,13,12,12,12,11,9,6,8,10,14,16,16,17,17,18,15,13,13,11,9,18,16,18,23,23,26,26,26,23,20,16,9,21,25,25,34,38,37,35,35,22,18,15,16,15,37,42,45,44,49,44,37,29,15,16,19,28,39,42,44,48,58,54,42,35,22,20,19,26,40,47,55,66,64,61,51,44,29,24,22,34,66,76,87,89,84,83,88,56,41,63,58,78,109,114,147,178,162,152,130,115,74,46,58,103,138,162,199,273,311,295,1804
MI,thousand megawatthours,ELEC.GEN.TSN-MI-99.M,1,2,3,4,4,4,4,4,3,2,2,1,2,2,3,4,4,4,5,4,4,3,2,2,2,4,5,6,7,7,7,7,6,5,4,NM,3,5,7,9,13,18,19,17,16,11,7,5,6,8,17,21,22,23,27,24,20,14,7,7,9,16,22,24,25,28,33,31,24,19,11,10,11,16,25,30,33,38,39,35,30,22,15,15,21,34,61,59,71,71,74,72,60,38,28,27,41,53,86,96,125,150,145,133,104,88,55,30,52,87,127,161,202,194,197,183,1481
OH,thousand megawatthours,ELEC.GEN.TSN-OH-99.M,6,7,11,13,14,15,15,15,14,12,9,7,7,9,13,15,16,17,17,16,14,12,9,8,7,11,13,15,18,19,20,19,17,14,11,9,9,14,19,21,26,28,27,26,24,17,13,10,12,13,25,28,31,31,33,30,26,21,12,11,13,18,26,32,34,36,43,41,33,27,18,15,15,23,30,38,43,49,49,47,40,30,22,16,27,40,74,78,88,87,131,130,116,77,62,41,54,67,99,110,139,165,148,141,119,102,63,42,48,76,104,127,151,194,223,212,1666
WI,thousand megawatthours,ELEC.GEN.TSN-WI-99.M,1,1,2,2,3,3,3,3,2,2,1,1,1,2,2,3,3,3,3,3,3,2,2,1,2,2,3,3,4,4,5,4,4,3,2,2,3,4,6,6,8,9,10,9,8,6,5,4,5,6,10,12,13,13,14,13,11,8,5,5,6,7,11,13,14,15,17,16,14,11,8,7,7,12,16,21,23,22,26,25,20,15,20,15,16,32,41,46,56,63,65,61,66,42,38,24,45,58,79,86,113,124,136,118,95,85,53,40,50,93,117,136,184,187,202,181,1371
All solar : West North Central,thousand megawatthours,ELEC.GEN.TSN-WNC-99.M,6,7,11,13,15,18,21,21,19,16,13,11,12,14,20,22,24,25,26,26,23,19,15,14,16,20,25,28,32,33,36,35,32,27,22,21,41,62,85,89,110,123,139,112,104,81,58,50,76,90,145,176,188,182,214,177,152,118,77,65,86,70,155,187,228,258,263,253,186,148,100,89,96,170,213,272,289,312,315,310,237,185,146,107,134,184,293,295,348,418,400,380,331,232,168,128,167,226,310,299,385,457,470,443,403,309,194,133,210,259,353,407,475,478,513,495,4951
IA,thousand megawatthours,ELEC.GEN.TSN-IA-99.M,1,1,2,2,2,2,3,3,3,3,2,2,2,2,3,4,4,4,5,4,4,3,2,2,3,4,5,6,6,6,7,6,6,5,4,3,4,5,7,9,10,10,11,10,10,8,6,5,6,8,12,13,14,15,16,15,14,11,8,7,8,9,14,17,18,19,20,19,18,14,11,9,10,14,19,23,24,25,27,26,22,18,13,11,19,27,40,45,48,55,55,54,48,31,27,22,25,33,51,54,63,73,86,91,76,67,43,31,35,54,72,88,106,103,110,103,882
KS,thousand megawatthours,ELEC.GEN.TSN-KS-99.M,0,0,0,0,0,0,0,0,0,0,0,0,0,0,1,1,1,1,1,1,1,1,0,0,1,1,1,1,1,1,1,1,1,1,1,1,1,1,2,2,2,2,3,2,2,2,2,1,2,2,3,3,4,4,4,4,3,3,2,2,2,3,4,4,5,6,6,5,4,4,3,3,4,4,5,11,12,13,13,12,10,8,7,6,6,7,8,11,11,14,14,14,12,9,8,7,8,10,12,12,15,18,19,19,16,14,9,9,11,12,15,17,20,21,23,23,206
MN,thousand megawatthours,ELEC.GEN.TSN-MN-99.M,1,1,2,2,2,2,3,2,2,2,1,1,1,2,2,3,3,3,3,3,3,2,2,2,2,2,3,4,5,5,5,5,5,4,3,4,22,39,54,54,70,81,92,70,65,49,32,27,47,59,102,126,133,125,153,121,101,75,43,36,54,36,102,127,159,184,184,178,121,95,60,52,54,116,144,188,200,217,216,214,154,117,91,60,77,114,194,183,229,280,259,241,207,141,91,61,92,136,182,162,230,282,280,250,233,158,90,50,108,132,187,206,247,249,271,260,2835
MO,thousand megawatthours,ELEC.GEN.TSN-MO-99.M,4,5,7,9,11,13,15,15,14,12,9,8,9,10,13,15,16,17,17,17,15,13,11,10,10,13,15,17,19,21,22,22,19,17,13,12,14,16,21,23,26,28,30,27,25,21,17,15,18,19,25,29,32,35,36,34,31,26,22,18,20,20,31,35,40,43,46,44,38,31,24,22,25,30,38,42,45,48,49,48,43,36,30,27,28,30,43,48,51,58,61,60,55,45,38,33,37,40,56,63,66,70,72,71,63,59,45,37,49,52,69,83,88,89,93,94,877
NE,thousand megawatthours,ELEC.GEN.TSN-NE-99.M,0,0,0,0,0,0,0,0,0,0,0,0,0,0,0,0,0,0,0,0,0,0,0,0,0,0,0,0,0,1,1,1,1,1,1,1,1,1,1,1,2,3,3,2,2,2,1,2,2,2,3,4,4,4,5,4,3,3,2,2,2,2,4,4,5,6,6,5,4,3,2,3,3,5,6,8,8,9,9,9,6,5,4,3,3,5,7,7,9,11,11,10,9,6,5,4,5,6,8,9,11,13,13,12,13,10,7,5,7,8,10,12,14,14,15,14,145
ND,thousand megawatthours,ELEC.GEN.TSN-ND-99.M,0,0,0,0,0,0,0,0,0,0,0,0,0,0,0,0,0,0,0,0,0,0,0,0,0,0,0,0,0,0,0,0,0,0,0,0,0,0,0,0,0,0,0,0,0,0,0,0,0,0,0,0,0,0,0,0,0,0,0,0,0,0,0,0,0,0,0,0,0,0,0,0,0,0,0,0,0,0,0,0,0,0,0,0,0,0,0,0,0,0,0,0,0,0,0,0,0,0,0,0,0,0,0,0,0,0,0,0,0,0,0,0,0,0,0,0,0
SD,thousand megawatthours,ELEC.GEN.TSN-SD-99.M,0,0,0,0,0,0,0,0,0,0,0,0,0,0,0,0,0,0,0,0,0,0,0,0,0,0,0,0,0,0,0,0,0,0,0,0,0,0,0,0,0,0,0,0,0,0,0,0,0,0,0,0,0,0,0,0,0,0,0,0,0,0,0,0,0,0,0,0,0,0,0,0,0,0,0,0,0,0,0,0,0,0,0,0,0,0,0,0,0,0,0,0,0,0,0,0,0,0,0,0,0,1,1,0,0,0,0,0,NM,NM,NM,NM,NM,NM,NM,NM,2
All solar : South Atlantic,thousand megawatthours,ELEC.GEN.TSN-SAT-99.M,98,118,158,164,197,182,188,193,170,195,126,130,136,127,201,231,307,289,314,301,226,208,165,227,279,312,532,515,503,558,583,710,580,515,439,554,574,688,853,965,1074,973,1074,990,949,839,792,712,925,864,1268,1463,1407,1513,1468,1486,1158,1224,922,824,1070,1048,1669,1775,1967,1823,1963,1791,1733,1450,1293,1221,1404,1523,2026,2450,2746,2592,2808,2507,2133,2117,1814,1777,1861,1852,2859,3478,3833,3315,3568,3313,3220,2843,2615,2152,2539,2870,3724,4381,4511,4646,4360,4132,3767,3561,2588,2403,2775,3166,4314,4590,5202,5065,5240,5145,57015
DE,thousand megawatthours,ELEC.GEN.TSN-DE-99.M,7,8,10,11,13,12,12,12,10,11,7,7,7,7,11,11,14,14,14,13,11,10,7,8,5,6,9,10,11,11,12,13,11,11,10,10,7,9,12,13,15,15,15,14,13,11,9,8,9,10,14,15,15,17,17,16,13,13,10,9,10,11,16,17,19,18,19,18,16,13,11,10,11,12,16,17,19,20,20,18,15,13,11,10,11,11,17,19,21,20,21,20,18,15,13,11,12,14,19,21,22,25,24,22,19,17,14,13,16,21,31,34,42,37,38,35,288
DC,thousand megawatthours,ELEC.GEN.TSN-DC-99.M,2,2,3,3,3,3,3,3,3,2,2,2,2,2,3,3,3,3,3,3,3,2,2,2,1,1,2,3,3,3,3,3,3,3,3,3,3,3,4,5,5,5,5,5,5,4,4,4,4,4,6,6,7,7,8,7,6,6,5,5,6,7,8,9,10,10,11,10,9,8,7,7,8,9,11,12,13,13,14,13,11,11,9,9,9,11,14,15,17,17,17,17,15,14,11,11,12,13,17,18,20,20,20,20,17,16,13,12,NM,NM,NM,NM,23,23,24,23,258
FL,thousand megawatthours,ELEC.GEN.TSN-FL-99.M,19,24,31,31,38,32,33,35,31,39,23,25,21,16,31,34,44,42,44,42,30,29,24,20,22,29,35,47,54,43,38,39,34,30,31,27,66,72,92,94,102,87,95,98,97,92,123,151,182,196,282,277,228,247,248,250,239,265,216,210,278,293,420,461,472,404,413,387,432,378,343,308,424,469,630,667,811,734,754,730,629,618,545,617,653,665,905,1025,1185,934,990,950,916,936,797,796,893,955,1237,1323,1451,1330,1357,1285,1088,1170,879,917,1108,1260,1609,1590,1836,1695,1687,1707,18238
GA,thousand megawatthours,ELEC.GEN.TSN-GA-99.M,15,15,19,20,23,21,21,21,17,18,15,13,NM,NM,NM,NM,NM,NM,NM,NM,NM,NM,NM,NM,38,48,NM,NM,NM,NM,NM,NM,NM,NM,NM,NM,147,162,178,219,248,204,236,NM,NM,NM,NM,NM,154,127,188,227,222,242,232,229,210,NM,128,111,151,118,220,234,274,239,NM,NM,NM,NM,NM,NM,202,230,309,378,443,383,417,NM,NM,NM,NM,NM,274,279,427,516,616,493,505,464,489,436,415,328,449,497,628,709,757,808,716,633,642,678,406,407,460,502,672,719,816,822,849,856,9601
MD,thousand megawatthours,ELEC.GEN.TSN-MD-99.M,18,21,29,32,36,37,38,36,32,27,23,21,20,25,32,41,48,45,49,52,45,40,32,28,30,37,57,67,67,80,83,82,68,64,49,43,47,63,86,95,100,110,110,105,92,79,62,53,63,63,103,125,132,134,140,138,101,102,76,68,73,84,130,143,158,161,168,150,133,106,86,66,83,96,128,144,161,173,175,153,128,109,94,78,91,85,158,169,179,182,185,165,145,105,112,81,96,121,169,196,205,219,209,197,178,150,137,118,116,149,195,221,258,248,257,251,2610
NC,thousand megawatthours,ELEC.GEN.TSN-NC-99.M,36,46,62,64,81,74,77,82,74,94,54,59,69,58,103,118,168,159,175,165,116,106,82,142,179,186,362,315,282,336,352,464,342,267,194,309,278,347,439,494,552,500,555,498,489,438,385,326,415,370,532,651,650,698,664,679,458,500,384,323,426,415,683,704,799,779,865,775,707,579,501,491,500,516,671,904,908,885,990,802,681,689,578,510,527,518,839,1125,1146,1059,1143,1052,988,827,777,576,676,760,1008,1297,1244,1298,1173,1142,1074,907,714,566,633,700,1011,1096,1232,1260,1340,1279,15591
SC,thousand megawatthours,ELEC.GEN.TSN-SC-99.M,0,1,1,1,1,1,1,1,1,1,1,1,1,1,1,1,1,1,1,1,1,1,1,1,1,2,2,3,3,4,4,4,4,5,4,5,7,9,12,14,17,20,22,26,24,22,19,26,45,43,67,74,72,79,74,79,61,68,48,50,63,60,96,101,116,104,124,116,113,109,96,88,99,106,147,185,234,210,242,215,185,183,146,140,141,144,222,296,312,268,277,255,247,208,196,141,176,196,243,299,334,337,303,270,250,233,161,141,167,195,268,334,333,337,362,361,3945
VA,thousand megawatthours,ELEC.GEN.TSN-VA-99.M,1,1,2,2,2,2,2,2,2,2,2,2,2,2,2,3,3,3,3,3,3,3,2,2,2,3,4,4,4,4,4,4,4,4,12,12,19,23,28,31,34,31,36,33,31,32,41,42,53,50,75,86,79,88,85,86,68,74,54,48,61,59,93,105,117,106,115,103,100,81,72,68,77,83,114,143,156,174,194,144,128,134,127,110,153,138,275,312,354,340,426,390,400,301,292,207,224,311,401,514,473,606,554,560,496,387,262,227,259,322,505,571,659,637,679,628,6434
WV,thousand megawatthours,ELEC.GEN.TSN-WV-99.M,0,0,0,0,0,0,0,0,0,0,0,0,0,0,0,0,0,0,0,0,0,0,0,0,0,0,0,1,1,1,1,1,1,0,0,0,0,0,1,1,1,1,1,1,1,1,0,0,1,1,1,1,1,1,1,1,1,1,1,1,1,1,1,1,1,1,1,1,1,1,1,1,1,1,1,1,2,2,2,2,1,1,1,1,1,1,2,2,2,2,2,2,2,2,1,1,2,2,3,3,3,3,3,3,3,3,2,2,2,3,4,4,5,5,5,5,41
All solar : East South Central,thousand megawatthours,ELEC.GEN.TSN-ESC-99.M,6,6,8,9,10,11,10,10,9,8,9,8,8,10,13,15,16,16,16,16,14,12,10,9,10,14,16,17,20,22,23,23,21,29,28,19,19,22,34,39,45,49,58,53,52,51,41,45,59,51,91,104,114,111,111,106,91,89,55,50,61,59,104,123,142,129,134,126,127,85,87,64,67,77,98,137,153,146,142,136,110,105,89,76,74,74,112,149,154,141,142,139,170,133,124,85,119,123,195,231,254,270,246,200,244,222,139,99,122,148,257,295,340,352,351,351,3104
AL,thousand megawatthours,ELEC.GEN.TSN-AL-99.M,0,0,0,0,0,0,0,0,0,0,0,0,0,0,0,0,0,0,0,0,0,0,0,0,0,1,1,1,1,1,1,1,1,11,14,7,NM,NM,NM,NM,NM,NM,NM,NM,NM,NM,NM,NM,NM,NM,NM,NM,NM,NM,NM,NM,NM,NM,NM,NM,NM,NM,NM,NM,NM,NM,NM,NM,NM,NM,NM,NM,NM,NM,NM,NM,NM,NM,NM,NM,NM,NM,NM,NM,NM,NM,NM,NM,NM,NM,NM,NM,NM,NM,NM,37,NM,NM,NM,NM,NM,NM,NM,NM,NM,NM,NM,33,NM,NM,NM,NM,NM,NM,NM,NM,#VALUE!
KY,thousand megawatthours,ELEC.GEN.TSN-KY-99.M,1,1,1,1,1,1,1,1,1,1,1,1,1,1,1,1,1,1,1,1,1,1,1,1,1,1,2,2,2,4,4,4,4,3,2,2,2,3,4,4,4,5,5,4,4,4,3,3,4,4,6,7,8,8,8,8,6,6,4,4,4,4,7,8,9,9,9,9,8,7,6,4,5,5,7,9,10,10,10,10,9,7,6,5,6,6,9,11,12,12,12,12,11,9,8,7,7,8,12,13,15,16,15,15,14,13,9,11,12,16,23,28,31,31,29,31,193
MS,thousand megawatthours,ELEC.GEN.TSN-MS-99.M,0,0,0,0,0,0,0,0,0,0,0,0,0,0,0,0,0,0,0,0,0,0,0,0,0,0,1,1,1,1,1,1,1,1,0,0,1,1,1,1,2,4,15,12,14,15,15,15,21,17,31,35,38,36,35,33,28,29,18,16,20,17,27,33,36,33,34,31,32,21,28,23,23,27,35,45,50,46,43,44,35,37,31,28,27,25,36,47,47,43,42,43,39,36,34,22,32,31,46,49,54,53,49,38,60,55,33,24,32,37,54,55,66,69,66,71,686
TN,thousand megawatthours,ELEC.GEN.TSN-TN-99.M,5,5,7,8,8,9,8,8,8,7,8,7,7,8,12,13,14,14,14,14,12,10,9,8,8,12,13,14,16,16,17,17,15,14,11,10,9,10,15,17,19,19,18,18,16,16,12,10,14,13,22,24,27,26,28,28,24,23,15,14,16,18,35,41,49,45,46,46,44,31,28,20,20,23,29,41,47,48,47,42,35,32,27,22,22,22,34,45,47,47,47,44,39,34,29,19,26,26,54,77,84,92,89,78,77,71,46,31,39,45,83,94,110,115,123,117,1003
All solar : West South Central,thousand megawatthours,ELEC.GEN.TSN-WSC-99.M,26,24,37,42,52,52,58,60,60,61,47,38,41,42,54,60,62,78,86,89,78,72,53,75,78,92,99,107,108,126,134,120,135,133,112,112,130,157,235,267,316,307,321,293,251,266,206,198,278,267,358,364,418,505,493,479,375,316,320,276,331,329,411,567,549,632,656,624,539,491,384,421,482,560,612,769,1062,1140,1401,1309,1066,944,782,771,880,848,1280,1249,1664,1903,2089,2034,2016,1723,1409,1276,1586,1686,2047,2154,2532,2941,3206,2729,2828,2332,1562,1436,1741,1647,2303,2793,3276,3482,3971,3902,34635
AR,thousand megawatthours,ELEC.GEN.TSN-AR-99.M,0,0,0,0,0,0,1,1,0,0,0,0,0,0,0,0,1,1,1,1,0,0,0,1,2,2,2,3,2,3,3,3,3,3,3,3,2,2,3,4,4,4,4,4,4,4,2,2,14,11,22,21,25,25,24,24,18,16,13,12,13,11,20,21,24,25,29,28,25,20,16,14,15,19,21,26,33,33,34,33,36,41,38,31,34,29,52,60,65,65,71,68,58,52,45,32,59,54,79,85,96,107,105,97,95,85,60,45,54,61,86,98,112,116,109,124,1255
LA,thousand megawatthours,ELEC.GEN.TSN-LA-99.M,5,6,8,9,10,10,10,11,9,9,8,8,8,9,12,13,15,14,15,15,14,15,12,11,11,12,16,18,19,18,19,19,16,16,14,12,NM,NM,NM,NM,NM,NM,NM,NM,NM,NM,NM,NM,14,15,20,22,23,22,22,22,19,19,16,14,15,16,20,23,25,24,24,23,20,20,17,15,16,17,21,24,26,26,26,26,32,32,27,23,26,25,34,39,42,41,38,41,36,34,29,23,28,30,38,41,46,44,43,40,49,47,34,28,33,37,47,56,61,61,63,59,606
OK,thousand megawatthours,ELEC.GEN.TSN-OK-99.M,0,0,0,0,0,0,0,0,0,0,0,0,0,0,0,0,0,0,0,1,1,1,1,0,1,1,1,1,1,1,1,1,1,1,1,1,1,1,2,3,5,5,5,4,4,4,3,2,4,5,7,7,7,8,8,7,6,5,5,4,5,5,6,8,8,9,9,9,7,6,5,5,5,6,6,7,9,9,11,13,9,8,5,6,7,7,10,11,12,13,14,13,13,11,9,8,10,10,13,16,16,17,19,16,15,13,10,11,12,13,16,19,21,22,24,25,214
TX,thousand megawatthours,ELEC.GEN.TSN-TX-99.M,20,18,29,32,42,42,47,48,49,51,39,30,32,33,42,45,47,63,70,73,63,56,39,62,64,77,80,86,85,103,111,98,114,113,94,96,115,141,212,241,286,278,292,266,226,242,186,181,246,237,310,313,362,450,439,425,331,276,286,246,298,297,365,515,493,575,594,565,486,445,346,386,447,519,564,711,994,1072,1330,1238,988,864,713,712,814,788,1184,1139,1545,1784,1966,1913,1908,1626,1327,1212,1491,1591,1916,2012,2373,2772,3039,2576,2669,2187,1458,1353,1641,1536,2153,2620,3081,3283,3775,3695,32556
All solar : Mountain,thousand megawatthours,ELEC.GEN.TSN-MTN-99.M,386,390,537,560,653,715,651,635,630,607,503,392,405,523,690,798,817,829,795,821,719,647,599,543,564,780,870,929,1135,1154,1267,1191,1197,1110,961,872,831,932,1549,1709,1852,1985,1554,1690,1627,1550,1035,970,1020,1160,1517,1805,2066,2188,1951,1947,1863,1456,1224,941,1082,1125,1675,1918,2049,2238,2131,2181,1894,1853,1236,981,1313,1548,1811,2233,2457,2474,2521,2312,2097,1939,1473,1312,1432,1695,2230,2587,2980,3003,2779,2887,2638,2235,1843,1521,1924,2206,2757,3239,3661,3522,3381,3176,2995,2763,2093,1734,1871,2210,2764,3522,3864,4066,4240,3936,44434
AZ,thousand megawatthours,ELEC.GEN.TSN-AZ-99.M,266,265,367,385,441,442,409,382,388,363,300,236,236,302,402,477,497,490,474,496,418,382,351,302,316,376,448,484,575,552,564,478,442,434,356,346,345,394,637,695,739,802,557,640,649,606,398,374,429,451,588,688,829,816,741,743,710,552,489,369,440,435,659,763,812,875,790,829,698,705,454,387,528,591,687,865,937,899,884,825,756,717,552,508,573,675,847,946,1125,1078,905,977,880,847,672,557,683,752,951,1064,1203,1145,1048,1010,939,928,738,602,647,714,891,1131,1242,1265,1213,1116,14672
CO,thousand megawatthours,ELEC.GEN.TSN-CO-99.M,38,40,52,53,58,61,57,61,54,52,44,36,34,39,57,59,58,66,62,64,60,51,45,48,47,57,71,74,87,91,92,80,120,115,87,80,75,85,132,146,159,169,138,143,134,128,91,85,91,101,137,156,175,185,169,166,158,124,104,87,100,106,152,173,186,204,201,199,172,158,110,92,117,121,179,213,249,241,245,212,203,166,143,116,131,141,186,223,239,310,323,313,279,229,216,198,211,247,311,366,381,356,393,391,345,303,234,234,232,287,357,369,439,582,618,616,4915
ID,thousand megawatthours,ELEC.GEN.TSN-ID-99.M,0,0,0,0,0,0,1,0,0,0,0,0,0,0,0,1,1,1,1,1,1,1,0,0,0,0,1,1,1,1,1,7,10,6,5,7,10,11,39,51,53,62,56,54,48,45,26,22,27,34,46,56,66,72,68,61,59,44,34,23,29,30,50,59,64,74,71,71,57,54,34,22,20,40,54,72,75,71,89,73,61,50,25,24,25,35,65,74,84,91,80,71,67,43,31,19,26,43,59,66,75,84,91,81,69,60,33,26,39,59,75,102,116,128,144,129,938
MT,thousand megawatthours,ELEC.GEN.TSN-MT-99.M,0,1,1,1,1,1,1,1,1,1,1,1,0,0,1,1,1,1,1,1,1,1,0,0,0,1,1,1,1,1,1,1,1,1,1,1,1,1,1,3,3,3,3,3,4,3,2,2,3,3,4,5,6,6,6,6,5,4,3,2,3,3,4,5,6,6,6,6,5,5,3,2,2,3,5,6,7,8,9,8,7,5,3,3,3,4,7,7,9,10,10,8,8,5,3,3,3,4,7,8,9,10,11,10,8,7,4,3,4,6,21,28,31,30,38,51,111
NV,thousand megawatthours,ELEC.GEN.TSN-NV-99.M,56,58,83,88,102,117,103,111,114,116,99,70,90,123,160,180,174,189,178,177,165,147,141,118,136,265,250,266,335,338,375,365,354,298,283,230,212,226,385,425,473,490,448,474,435,425,289,275,249,314,405,499,532,620,535,541,519,414,327,258,278,303,446,499,529,576,581,592,539,520,365,264,365,452,493,578,643,684,708,644,568,526,398,347,364,452,578,687,799,808,805,848,761,607,522,425,579,678,838,1028,1177,1127,1048,978,951,869,628,515,568,672,841,1123,1219,1209,1285,1145,13947
NM,thousand megawatthours,ELEC.GEN.TSN-NM-99.M,24,24,30,30,47,89,76,75,67,71,56,47,42,55,65,75,79,74,71,73,65,56,52,52,44,51,63,65,71,66,69,82,95,113,101,87,70,80,128,140,150,160,125,133,126,122,83,80,85,98,127,152,174,182,162,161,154,120,104,80,89,93,134,155,166,184,174,175,153,152,102,90,124,129,149,198,221,222,217,207,186,178,146,137,134,151,189,202,225,222,224,211,197,191,141,125,152,165,198,260,291,256,271,234,235,187,170,149,155,165,209,266,283,324,346,373,3441
UT,thousand megawatthours,ELEC.GEN.TSN-UT-99.M,2,2,3,3,4,4,4,4,4,4,3,3,3,3,6,6,7,7,8,9,9,10,9,21,21,30,37,39,64,105,165,177,174,142,128,122,118,136,227,250,274,297,226,242,230,221,145,134,136,158,208,248,284,306,270,269,258,198,163,121,137,145,213,247,266,295,284,285,252,246,159,118,149,198,228,279,303,328,359,323,300,284,196,169,193,227,342,427,477,461,411,439,427,298,249,186,259,304,375,428,502,521,496,449,427,394,276,198,219,294,354,481,516,505,570,482,6135
WY,thousand megawatthours,ELEC.GEN.TSN-WY-99.M,0,0,0,0,0,0,0,0,0,0,0,0,0,0,0,0,0,0,0,0,0,0,NM,NM,0,0,0,0,0,0,0,0,0,0,0,0,NM,NM,NM,NM,NM,NM,NM,NM,NM,NM,NM,NM,0,0,0,1,1,1,1,1,1,1,0,1,7,10,16,17,20,24,24,23,18,15,9,6,8,14,16,21,23,21,10,19,16,13,9,8,9,12,17,20,23,22,23,20,20,14,10,7,11,12,18,20,22,25,25,22,20,16,10,7,7,12,18,22,19,22,25,23,274
All solar : Pacific Contiguous,thousand megawatthours,ELEC.GEN.TSN-PCC-99.M,609,671,1092,1260,1443,1560,1500,1592,1533,1402,1158,926,986,1228,1748,1966,2067,2136,2236,2266,1930,1672,1494,1273,1127,1692,1988,2302,2772,2725,3083,3035,2712,2333,1980,1570,1523,1680,2935,3160,3846,4124,3907,3668,3390,3124,2071,2021,1960,2550,3114,3780,4432,4698,4286,4265,3987,3291,2418,2051,2125,2405,3607,4141,4385,5040,5135,5023,4234,3867,2674,2009,2533,3242,3566,4299,5349,5376,5907,5150,4225,3858,3161,2645,2851,3503,4715,5689,6221,6147,6028,5874,5165,4371,3539,2733,3367,3911,5363,6029,6925,7189,7162,6780,5830,5446,4156,3239,3584,4098,5263,6630,7395,7714,8116,7586,86172
CA,thousand megawatthours,ELEC.GEN.TSN-CA-99.M,604,664,1082,1247,1429,1544,1482,1574,1517,1390,1151,920,980,1219,1735,1950,2049,2116,2213,2245,1911,1659,1486,1266,1118,1677,1968,2275,2741,2693,3047,3000,2681,2312,1966,1559,1506,1656,2899,3115,3793,4067,3847,3612,3341,3079,2046,1997,1927,2501,3049,3696,4331,4590,4173,4154,3884,3216,2370,2013,2079,2348,3515,4031,4263,4900,4992,4884,4121,3773,2618,1968,2493,3148,3449,4137,5179,5176,5679,4947,4064,3725,3094,2589,2786,3399,4527,5449,5962,5867,5760,5638,4956,4235,3458,2675,3277,3774,5185,5794,6646,6899,6820,6477,5590,5249,4045,3155,3463,3932,5036,6303,7034,7297,7656,7199,82849
OR,thousand megawatthours,ELEC.GEN.TSN-OR-99.M,4,5,8,9,11,12,13,13,11,9,5,4,4,6,9,11,12,13,15,14,12,9,6,4,6,10,13,17,21,21,24,23,21,15,11,9,13,17,28,33,40,43,44,41,36,36,21,21,28,41,54,69,84,91,93,92,86,64,42,33,38,44,73,85,94,111,111,108,86,75,46,33,31,77,94,131,137,165,188,166,130,112,56,48,54,85,161,203,218,238,221,192,170,111,68,46,77,113,145,190,228,238,283,248,192,156,82,59,90,116,154,234,287,306,339,275,2695
WA,thousand megawatthours,ELEC.GEN.TSN-WA-99.M,1,2,3,4,4,4,5,5,4,3,1,1,2,3,4,5,6,7,8,7,7,4,2,2,3,5,6,9,10,11,12,12,10,6,3,3,4,6,8,11,13,14,16,15,13,8,4,4,5,8,11,15,17,17,20,19,17,11,6,6,9,14,19,25,27,29,32,31,26,18,10,8,9,17,23,30,33,34,40,37,31,21,11,9,11,19,27,37,41,43,48,45,38,26,13,11,14,24,33,45,50,52,60,56,48,41,29,24,31,51,72,93,74,112,121,111,626
All solar : Pacific Noncontiguous,thousand megawatthours,ELEC.GEN.TSN-PCN-99.M,38,38,46,50,54,55,56,58,54,51,45,45,45,45,55,60,63,64,66,67,61,57,51,52,55,60,68,73,79,79,83,83,76,71,62,60,78,76,96,99,111,110,112,111,101,93,81,80,87,83,100,106,115,118,117,114,106,99,86,86,91,91,111,120,127,123,133,130,124,122,109,104,109,117,133,151,164,161,163,166,157,137,121,123,125,121,144,158,172,174,169,167,154,141,128,118,134,136,158,162,166,175,177,189,169,161,139,130,140,131,163,172,194,201,202,209,2394
AK,thousand megawatthours,ELEC.GEN.TSN-AK-99.M,--,--,--,--,--,--,--,--,--,--,--,--,--,--,--,--,--,--,--,--,--,--,--,--,0,0,0,0,0,0,0,0,0,0,0,0,0,0,0,0,0,0,0,0,0,0,0,0,0,0,0,0,0,0,0,0,0,0,0,0,0,0,0,1,1,1,1,1,0,0,0,0,0,0,1,1,1,1,1,1,1,0,0,0,0,0,1,2,2,2,2,2,1,1,0,0,0,0,2,2,3,2,2,2,2,1,0,0,NM,NM,NM,NM,NM,NM,NM,NM,25
HI,thousand megawatthours,ELEC.GEN.TSN-HI-99.M,38,38,46,50,54,55,56,58,54,51,45,45,45,45,55,60,63,64,66,67,61,57,51,52,55,60,68,72,79,79,83,83,76,71,62,60,78,76,96,99,111,110,112,110,101,93,81,80,87,83,100,105,114,117,117,114,105,99,86,86,91,91,110,120,126,122,133,129,124,122,109,104,109,116,132,150,163,160,162,165,156,137,120,123,125,120,143,157,170,172,167,165,153,141,128,118,134,136,157,159,163,173,175,187,168,161,139,130,140,130,161,170,191,198,199,206,2371